Sexualisierte Gewalt: Straftaten und geschädigte Personen,,,,,,,,,,,,,,,,,,,,,,,,,,,,,,,,,,,,,,,,,,,,,,,,,,,,,,,,,,,,,,,,,,,,T 19.02.10.01.01
Schweiz Jahr 2025,,,,,,,,,,,,,,,,,,,,,,,,,,,,,,,,,,,,,,,,,,,,,,,,,,,,,,,,,,,,,,,,,,,,
,,,,,,,,,,,,,,,,,,,,,,,,,,,,,,,,,,,,,,,,,,,,,,,,,,,,,,,,,,,,,,,,,,,,
,,,,,,,,Natürliche geschädigte Personen,,,,,,,,,,,,,,,,,,,,,,,,,,,,,,,,,,,,,,,,,,,,,,,,,,,,,,,,,,,,
,,Straftaten,,,Geschädigte Personen2,,,Geschlecht,,,Alter ,,,,,,,,,,,,,,,,,,,,,,,,,,,,,,,,,,,,,,,,,,,,,,,,,,,,,,Nationalität und Aufenthaltsstatus3,,,
Straftatbestand StGB,Fälle1,Total,davon versucht,davon aufgeklärt,Total,davon juristische Personen,davon natürliche Personen,männlich,weiblich,ohne Angabe,<10 Jahre,,,10 - 14 Jahre,,,15 - 17 Jahre,,,18 - 19 Jahre,,,20 - 24 Jahre,,,25 - 29 Jahre,,,30 - 34 Jahre,,,35 - 39 Jahre,,,40 - 44 Jahre,,,45 - 49 Jahre,,,50 - 54 Jahre,,,55 - 59 Jahre,,,60 - 64 Jahre,,,65 - 69 Jahre,,,70 - 79 Jahre,,,80 - 89 Jahre,,,90 Jahre und +,,,ohne Angabe,,,Schweizer/innen,"ständige ausländische 
Wohnbevölkerung",Asylbevölkerung,übrige Ausländer/innen
,,,,,,,,,,,Total,männlich,weiblich,Total,männlich,weiblich,Total,männlich,weiblich,Total,männlich,weiblich,Total,männlich,weiblich,Total,männlich,weiblich,Total,männlich,weiblich,Total,männlich,weiblich,Total,männlich,weiblich,Total,männlich,weiblich,Total,männlich,weiblich,Total,männlich,weiblich,Total,männlich,weiblich,Total,männlich,weiblich,Total,männlich,weiblich,Total,männlich,weiblich,Total,männlich,weiblich,Total,männlich,weiblich,,,,
Total Sexualisierte Gewalt,5'209,6'195,258,5'075,5'278,1,5'277,756,4'521,0,515,184,331,731,149,582,713,94,619,318,23,295,697,59,638,578,57,521,462,48,414,375,46,329,282,28,254,209,18,191,154,8,146,86,11,75,66,11,55,33,7,26,29,6,23,25,5,20,3,X,X,1,X,X,3'404,1'295,151,427
Sexuelle Handlungen mit Kindern (Art. 187),976,1'118,114,938,986,0,986,249,737,0,421,141,280,387,77,310,157,28,129,12,1,11,6,1,5,1,X,X,1,X,X,1,X,X,0,0,0,0,0,0,0,0,0,0,0,0,0,0,0,0,0,0,0,0,0,0,0,0,0,0,0,0,0,0,722,206,21,37
Sexuelle Handlungen mit Abhängigen (Art. 188),10,10,0,10,9,0,9,2,7,0,0,X,0,0,X,0,8,X,6,1,X,X,0,X,0,0,X,0,0,X,0,0,X,0,0,X,0,0,X,0,0,X,0,0,X,0,0,X,0,0,X,0,0,X,0,0,X,0,0,X,0,0,X,0,8,1,0,0
Sexueller Übergriff und sexuelle Nötigung (Art. 189),602,641,30,565,625,0,625,118,507,0,34,13,21,110,37,73,115,20,95,50,7,43,81,12,69,47,4,43,55,7,48,39,6,33,40,3,37,14,1,13,16,1,15,5,0,5,5,2,3,4,1,3,7,3,4,3,X,X,0,0,0,0,0,0,408,145,23,49
Vergewaltigung (Art. 190),1'342,1'402,80,1'270,1'312,0,1'312,62,1'250,0,25,11,14,110,10,100,185,5,180,106,4,102,183,9,174,170,5,165,141,2,139,126,9,117,109,2,107,66,1,65,43,1,42,21,0,21,13,1,12,5,1,4,3,X,X,6,0,6,0,0,0,0,0,0,742,400,50,120
Missbrauch einer urteilsunfähigen oder zum Widerstand unfähigen Person (Art. 191),276,299,6,253,288,0,288,30,258,0,31,9,22,9,1,8,31,3,28,16,0,16,54,4,50,34,4,30,23,2,21,28,3,25,22,1,21,13,1,12,8,0,8,4,1,3,2,X,X,3,X,X,4,0,4,4,0,4,2,X,X,0,0,0,184,78,11,15
"Sexuelle Handlungen mit Anstaltspfleglingen, Gefangenen, Beschuldigten (Art. 192)",1,1,0,1,1,0,1,X,X,X,X,X,X,X,X,X,X,X,X,X,X,X,X,X,X,X,X,X,X,X,X,X,X,X,X,X,X,X,X,X,X,X,X,X,X,X,X,X,X,X,X,X,X,X,X,X,X,X,X,X,X,X,X,X,X,X,X,X
Ausnützung einer Notlage oder Abhängigkeit (Art. 193),21,21,1,21,20,0,20,2,18,0,0,X,0,0,X,0,2,X,X,1,X,X,3,X,X,4,X,3,1,X,X,1,X,X,4,X,4,1,X,X,2,X,X,0,X,0,0,X,0,0,X,0,0,X,0,1,X,X,0,X,0,0,X,0,13,4,0,3
Täuschung über den sexuellen Charakter einer Handlung (Art. 193a),8,8,0,7,8,0,8,0,8,0,0,0,0,0,0,0,1,X,X,0,0,0,1,X,X,1,X,X,2,X,X,0,0,0,0,0,0,1,X,X,0,0,0,1,X,X,1,X,X,0,0,0,0,0,0,0,0,0,0,0,0,0,0,0,7,1,0,0
Exhibitionismus (Art. 194),386,459,0,280,438,0,438,50,388,0,24,9,15,24,1,23,41,3,38,22,0,22,65,4,61,59,7,52,46,7,39,43,3,40,19,3,16,23,2,21,16,1,15,21,2,19,23,6,17,3,X,X,5,0,5,4,1,3,0,0,0,0,0,0,305,110,6,17
Förderung der Prostitution (Art. 195),184,215,3,192,126,0,126,18,108,0,1,X,X,1,X,X,4,0,4,6,0,6,43,9,34,22,4,18,11,1,10,7,2,5,10,2,8,12,0,12,6,0,6,1,X,X,2,X,X,0,0,0,0,0,0,0,0,0,0,0,0,0,0,0,6,9,1,110
Sexuelle Handlungen mit Minderjährigen gegen Entgelt (Art. 196),15,21,12,17,17,0,17,4,13,0,2,X,X,9,1,8,5,2,3,1,X,X,0,0,0,0,0,0,0,0,0,0,0,0,0,0,0,0,0,0,0,0,0,0,0,0,0,0,0,0,0,0,0,0,0,0,0,0,0,0,0,0,0,0,13,3,1,0
Unbefugtes Weiterleiten von nicht öffentlichen sexuellen Inhalten (Art. 197a)4,192,194,5,148,195,0,195,38,157,0,0,0,0,38,7,31,39,8,31,11,1,10,26,6,20,26,2,24,15,2,13,17,3,14,6,1,5,10,6,4,4,0,4,1,X,X,0,0,0,1,X,X,1,X,X,0,0,0,0,0,0,0,0,0,118,63,6,8
Sexuelle Belästigungen (Art. 198),1'697,1'806,7,1'373,1'844,1,1'843,248,1'595,0,54,21,33,162,30,132,242,30,212,127,11,116,303,20,283,258,33,225,200,30,170,148,23,125,87,16,71,82,8,74,68,5,63,43,8,35,27,4,23,18,3,15,12,2,10,10,3,7,1,X,X,1,X,X,1'290,405,47,101
X: Entfällt aus Datenschutzgründen (Totalwerte 1-3),,,,,,,,,,,,,,,,,,,,,,,,,,,,,,,,,,,,,,,,,,,,,,,,,,,,,,,,,,,,,,,,,,,,
"1) Unter einem Fall wird die Gesamtheit aller Straftaten verstanden, die innerhalb einer Anzeige oder eines polizeilichen Ermittlungsverfahrens registriert werden. Aufgrund unterschiedlicher kantonaler Zuständigkeitsaufteilungen sowie Rapportierungssysteme sind Auswertungen auf Fallebene nicht möglich. In der PKS werden Fallzahlen zwar ausgewiesen, die Zählung der Fälle innerhalb der PKS steht aber nicht im Vordergrund.",,,,,,,,,,,,,,,,,,,,,,,,,,,,,,,,,,,,,,,,,,,,,,,,,,,,,,,,,,,,,,,,,,,,
"2) Bei der Auflistung einzelner Strafartikel in den PKS-Auswertungen werden geschädigte Personen, die von verschiedenen Straftaten betroffen sind, pro Artikel jeweils einmal ausgewiesen. Im jeweiligen Gesamttotal der Gesetze sowie in allfälligen Zwischentotalen wird eine geschädigte Person jedoch unabhängig davon, wie viele Straftaten sie betreffen, nur einmal als Realperson gezählt.",,,,,,,,,,,,,,,,,,,,,,,,,,,,,,,,,,,,,,,,,,,,,,,,,,,,,,,,,,,,,,,,,,,,
"3) Ständige Wohnbevölkerung: Schweizer/innen, Ausländer/innen mit Ausweis B, C, Ci, diplomatisches Personal, internationale Funktionär/innen
Asylbevölkerung: Ausländer/innen mit Ausweis F, N, S
Übrige Ausländer/innen: Ausländer/innen mit Ausweis L, G, legal anwesende Personen ohne ausweispflichtigen Status (Tourist/innen, Besucher/innen), im Meldeverfahren für Kurzerwerbstätigkeit (Staatsangehörige / Angestellte von Unternehmen EU/EFTA), illegal anwesende Personen ohne Asylverfahren, illegal anwesende Asylsuchende mit negativem Asylentscheid und Ausreisepflicht, Rückweisung an der Grenze, Aufenthaltsstatus unbekannt oder fehlend.",,,,,,,,,,,,,,,,,,,,,,,,,,,,,,,,,,,,,,,,,,,,,,,,,,,,,,,,,,,,,,,,,,,,
4) Ab 2025 zählt Unbefugtes Weiterleiten von nicht öffentlichen sexuellen Inhalten (Art. 197a) zur sexualisierten Gewalt.,,,,,,,,,,,,,,,,,,,,,,,,,,,,,,,,,,,,,,,,,,,,,,,,,,,,,,,,,,,,,,,,,,,,
Stand der Datenbank: 13.02.2026,,,,,,,,,,,,,,,,,,,,,,,,,,,,,,,,,,,,,,,,,,,,,,,,,,,,,,,,,,,,,,,,,,,,
Quelle: BFS - Polizeiliche Kriminalstatistik (PKS),,,,,,,,,,,,,,,,,,,,,,,,,,,,,,,,,,,,,,,,,,,,,,,,,,,,,,,,,,,,,,,,,,,,
© BFS 2026,,,,,,,,,,,,,,,,,,,,,,,,,,,,,,,,,,,,,,,,,,,,,,,,,,,,,,,,,,,,,,,,,,,,
,,,,,,,,,,,,,,,,,,,,,,,,,,,,,,,,,,,,,,,,,,,,,,,,,,,,,,,,,,,,,,,,,,,,
"Auskunftsstelle: Bundesamt für Statistik (BFS), Sektion Kriminalität und Strafrecht, pks@bfs.admin.ch, 058 463 62 40",,,,,,,,,,,,,,,,,,,,,,,,,,,,,,,,,,,,,,,,,,,,,,,,,,,,,,,,,,,,,,,,,,,,
